{"cameraMode":{"drawMode":0,"name":"Shaded","section":"Shading Mode"},"sceneLighting":true,"audioPlay":false,"sceneViewState":{"m_AlwaysRefresh":false,"showFog":true,"showSkybox":true,"showFlares":true,"showImageEffects":true,"showParticleSystems":true,"showVisualEffectGraphs":true,"m_FxEnabled":true},"in2DMode":false,"pivot":{"x":1.64810049533844,"y":-6.962414264678955,"z":4.020782947540283},"rotation":{"x":0.7228295207023621,"y":-0.0031095859594643118,"z":0.0032527390867471697,"w":0.691012442111969},"size":8.350210189819336,"orthographic":false}