{"cameraMode":{"drawMode":0,"name":"Shaded","section":"Shading Mode"},"sceneLighting":false,"audioPlay":false,"sceneViewState":{"m_AlwaysRefresh":false,"showFog":true,"showSkybox":false,"showFlares":true,"showImageEffects":true,"showParticleSystems":true,"showVisualEffectGraphs":true,"m_FxEnabled":true},"in2DMode":false,"pivot":{"x":-1.6747456789016724,"y":4.283458709716797,"z":3.3177735805511476},"rotation":{"x":0.40086430311203005,"y":0.2118190973997116,"z":-0.09581805020570755,"w":0.8861724734306336},"size":0.6767838001251221,"orthographic":false}